Workbook

Sheet Read Me
A1: UK TikTok Shop lead list – shops doing £10K–£30K
A3: Source: FastMoss MCP, monthly shop rankings for TikTok Shop UK (region GB), period = September 2026 (latest completed month; closest available to "last 28 days").
A4: Pulled: 8 Oct 2026. All money values are GBP as reported by FastMoss.
A6: How it was built
A7: • FastMoss has no GMV-range filter, and each ranking stops at 500 shops. The overall UK ranking bottoms out at ~£36K, so £10–30K shops only appear inside category rankings.
A8: • One ranking page (10 shops) was pulled per category at the depth where GMV falls into £10–30K. Only shops inside the band were kept.
A9: • This is a SAMPLE of each category's band, not every shop in it: the free trial allows ~100 credits/day and 1 page = 1 credit.
A11: Important caveat on GMV
A12: • "Sep-26 GMV in category" is the shop's sales WITHIN that category, not its total. Shops that sell across categories can be bigger overall.
A13: • Band confidence: High = ranked in its own main category; Medium = ranked outside its main category; Low = we saw evidence it is above £30K in total.
A14: • "UK overall rank (Sep)" is a useful cross-check: UK rank 500 ≈ £36K/month, so ranks well above ~700 are consistent with the band.
A16: Profile columns (TikTok handle → UK overall rank) were filled for 54 UK-based shops, chosen to cover every category. The rest are blank to save credits.
... A19: Not covered yet: Shoes, Luggage & Bags and Furniture (band is deeper than the page checked); Books and other small categories were not probed.

Sheet UK Leads
A1: Category (ranked in) | B1: Shop name | C1: Company / legal name | D1: Main category | E1: Shop type | F1: Sep-26 GMV in category (£) | G1: Units sold | H1: GMV MoM growth | I1: Units MoM growth | J1: Affiliate creators (Sep) | K1: Products with sales | L1: Active products | M1: Shop rating | N1: Band confidence | O1: Notes | P1: TikTok handle | Q1: TikTok profile URL | R1: TikTok followers | S1: TikTok videos | T1: Shop created | U1: All-time GMV (£) | V1: All-time units | W1: Total products listed | X1: All-time affiliate creators | Y1: All-time videos | Z1: All-time lives | AA1: Min price (£) | AB1: Max price (£) | AC1: Avg price (£) | AD1: Delivery rate | AE1: Positive feedback | AF1: Response rate | AG1: Category rank (Sep) | AH1: UK overall rank (Sep) | AI1: Seller ID
A2: Automotive & Motorcycle | B2: Joytutus GB | C2: GuangZhouZaoZhongWanDianZiShangWuYouXianGongSi | D2: Automotive & Motorcycle | E2: Cross-border | F2: 23492.68 | G2: 1552 | H2: -0.0427 | I2: -0.2821 | J2: 241 | K2: 37 | L2: 63 | M2: 4.2 | N2: High | AI2: 8647193604911503559
A3: Automotive & Motorcycle | B3: HAUDIO Global | D3: Automotive & Motorcycle | E3: Cross-border | F3: 21804.76 | G3: 341 | H3: 0.472 | I3: 0.2222 | J3: 52 | K3: 9 | L3: 24 | M3: 3.5 | N3: High | AI3: 8647509933899094535
A4: Automotive & Motorcycle | B4: TIDY MONSTER UK | D4: Home Supplies | E4: UK local | F4: 19758.12 | G4: 1268 | H4: 1.2384 | I4: 0.7759 | J4: 34 | K4: 1 | L4: 16 | M4: 4.4 | N4: Medium – may sell in other categories | AI4: 7496062834106337441
A5: Automotive & Motorcycle | B5: rose origins shop | C5: MODAMAYSTATION LTD | D5: Home Supplies | E5: UK local | F5: 19459.44 | G5: 897 | H5: 0.2425 | I5: -0.2731 | J5: 14 | K5: 8 | L5: 42 | M5: 3.7 | N5: Medium – may sell in other categories | AI5: 7496079384673160186
A6: Automotive & Motorcycle | B6: Hieom One | D6: Automotive & Motorcycle | E6: UK local | F6: 18796.42 | G6: 1054 | H6: -0.702 | I6: -0.7104 | J6: 57 | K6: 11 | L6: 121 | M6: 3.4 | N6: High | P6: zmgh49shop | Q6: https://www.tiktok.com/@zmgh49shop | R6: 1965 | S6: 295 | T6: 2025-10-10 | U6: 1361989.5 | V6: 104192 | W6: 240 | X6: 1703 | Y6: 4716 | Z6: 846 | AA6: 1.14 | AB6: 50 | AC6: 8.88 | AD6: 0.81 | AE6: 0.74 | AF6: 1 | AG6: 20 | AH6: 1321 | AI6: 7494129241962152989
A7: Automotive & Motorcycle | B7: Easy Trading | C7: Shenzhen Heyu Technology Co., Ltd. | D7: Automotive & Motorcycle | E7: Cross-border | F7: 18648.68 | G7: 1586 | H7: -0.4186 | I7: -0.4338 | J7: 151 | K7: 38 | L7: 110 | M7: 2.7 | N7: High | AI7: 7495159456203376895
A8: Automotive & Motorcycle | B8: Sisocor | C8: Sisocor | D8: Automotive & Motorcycle | E8: UK local | F8: 17727.45 | G8: 1384 | H8: -0.4278 | I8: -0.4466 | J8: 286 | K8: 1 | L8: 14 | M8: 4.7 | N8: High | P8: sisuocor | Q8: https://www.tiktok.com/@sisuocor | R8: 2324 | S8: 232 | T8: 2024-10-23 | U8: 480990.87 | V8: 51236 | W8: 117 | X8: 864 | Y8: 2436 | Z8: 927 | AA8: 0.77 | AB8: 55 | AC8: 10.2 | AD8: 0.69 | AE8: 0.88 | AF8: 0.98 | AG8: 34 | AH8: 2065 | AI8: 7495918070877490097
A9: Automotive & Motorcycle | B9: Yass Clean | C9: Yass Clean Ltd | D9: Home Supplies | E9: UK local | F9: 17622.47 | G9: 610 | H9: -0.0634 | I9: -0.1223 | J9: 30 | K9: 1 | L9: 35 | M9: 4.6 | N9: Medium – may sell in other categories | AI9: 7495888481436796939
A10: Baby & Maternity | B10: Yolk Baby Store | C10: Pujiang County Furui Electronic Commerce Co., Ltd. | D10: Baby & Maternity | E10: Cross-border | F10: 21072.67 | G10: 2545 | H10: 0.3437 | I10: 0.2241 | J10: 420 | K10: 252 | L10: 773 | M10: 4.9 | N10: High | AI10: 7495563545389467829
A11: Baby & Maternity | B11: Bravellous Clothing | C11: Shenzhen Jinxingsheng Apparel Co., Ltd. | D11: Baby & Maternity | E11: Cross-border | F11: 21040.77 | G11: 1299 | H11: 0.0846 | I11: -0.0069 | J11: 54 | K11: 40 | L11: 110 | M11: 4.6 | N11: High | AI11: 7495287627779574005
A12: Baby & Maternity | B12: Zimpli Kids | C12: ZIMPLI KIDS LIMITED | D12: Beauty & Personal Care | E12: UK local | F12: 20720.29 | G12: 1512 | H12: 1.1935 | I12: 1.2203 | J12: 488 | K12: 28 | L12: 129 | M12: 4.4 | N12: Medium – may sell in other categories | AI12: 7495235322873678296
A13: Baby & Maternity | B13: BooBoo Baby Products | C13: IPUK Limited | D13: Baby & Maternity | E13: UK local | F13: 20468.88 | G13: 296 | H13: 0.1889 | I13: 0.1255 | J13: 108 | K13: 14 | L13: 25 | M13: 4.1 | N13: High | P13: booboobabyproducts.com | Q13: https://www.tiktok.com/@booboobabyproducts.com | R13: 2077 | S13: 120 | T13: 2024-08-31 | U13: 234890.89 | V13: 3967 | W13: 32 | X13: 477 | Y13: 923 | Z13: 180 | AA13: 4.98 | AB13: 112.64 | AC13: 64.11 | AD13: 0.67 | AE13: 0.88 | AF13: 1 | AG13: 39 | AH13: 2193 | AI13: 7495881815561832964
A14: Baby & Maternity | B14: Parents & Peanuts | D14: Baby & Maternity | E14: UK local | F14: 20262.29 | G14: 116 | H14: -0.0717 | I14: -0.1888 | J14: 29 | K14: 13 | L14: 14 | M14: 4.3 | N14: High | AI14: 7496010701964413451
A15: Baby & Maternity | B15: TRENDY HOUSEHOLDS | C15: HOUSEHOLD TRENDS LTD | D15: Baby & Maternity | E15: UK local | F15: 20184.53 | G15: 1286 | H15: 1.2264 | I15: 1.3727 | J15: 0 | K15: 7 | L15: 44 | M15: 4.6 | N15: High | AI15: 7496092059839465742
A16: Baby & Maternity | B16: LADIDA UK | C16: LADIDA (UK) BABY TOYS COMPANY LIMITED | D16: Baby & Maternity | E16: UK local | F16: 19801.14 | G16: 345 | H16: 0.0838 | I16: -0.1062 | J16: 138 | K16: 38 | L16: 65 | M16: 3.8 | N16: High | P16: ladidatoystore | Q16: https://www.tiktok.com/@ladidatoystore | R16: 1552 | S16: 355 | T16: 2024-02-25 | U16: 261110.58 | V16: 7540 | W16: 99 | X16: 878 | Y16: 1524 | Z16: 370 | AA16: 2.63 | AB16: 114.65 | AC16: 36.57 | AD16: 0.76 | AE16: 0.87 | AF16: 1 | AG16: 36 | AH16: 2152 | AI16: 7495599747723463227
A17: Baby & Maternity | B17: lifeideas | C17: LAI BEAUTIFUL LTD | D17: Home Supplies | E17: UK local | F17: 19036.98 | G17: 934 | H17: 2.8139 | I17: 3.3241 | J17: 45 | K17: 26 | L17: 3152 | M17: 4 | N17: Low – likely above £30K | O17: Also £19.9K in Kitchenware ranking → combined ≈ £39.0K | AI17: 7495530049968704292
A18: Baby & Maternity | B18: My Expert Midwife | C18: CHRISTMAS ANGELS LIMITED | D18: Baby & Maternity | E18: UK local | F18: 18961.4 | G18: 411 | H18: 1.1644 | I18: 0.9855 | J18: 261 | K18: 11 | L18: 19 | M18: 4.3 | N18: High | P18: my_expertmidwife | Q18: https://www.tiktok.com/@my_expertmidwife | R18: 96364 | S18: 618 | T18: 2023-12-19 | U18: 69954.25 | V18: 3550 | W18: 83 | X18: 625 | Y18: 1266 | Z18: 69 | AA18: 2.4 | AB18: 253.5 | AC18: 19.8 | AD18: 0.73 | AE18: 0.97 | AF18: 1 | AG18: 28 | AH18: 1935 | AI18: 7495123108008462645
A19: Baby & Maternity | B19: Baby Toys Stop | C19: Dongguan Mingjia Trading Co., Ltd. | D19: Baby & Maternity | E19: Cross-border | F19: 18900.14 | G19: 2342 | H19: 0.8616 | I19: 0.8441 | J19: 109 | K19: 9 | L19: 9 | M19: 4.8 | N19: High | AI19: 7495160888994269822
A20: Beauty & Personal Care | B20: Sculpted by Aimee | C20: Sculpted by Aimee uk Ltd | D20: Beauty & Personal Care | E20: UK local | F20: 26104.16 | G20: 895 | H20: -0.5544 | I20: -0.6368 | J20: 854 | K20: 35 | L20: 93 | M20: 3.5 | N20: Low – likely above £30K | O20: Verified shop-wide last-28-day GMV = £33,617 (56.9% product card, 43.1% affiliate) | P20: sculptedbyaimeestore | Q20: https://www.tiktok.com/@sculptedbyaimeestore | R20: 18674 | S20: 289 | T20: 2023-12-15 | U20: 831268.17 | V20: 41459 | W20: 146 | X20: 4277 | Y20: 9003 | Z20: 1818 | AA20: 4.8 | AB20: 83 | AC20: 22.52 | AD20: 0.62 | AE20: 0.94 | AF20: 0.84 | AG20: 294 | AH20: 1709 | AI20: 7495320015950547394
A21: Beauty & Personal Care | B21: BLOOMMIX | D21: Beauty & Personal Care | E21: UK local | F21: 24099.73 | G21: 1287 | H21: 3.1523 | I21: 1.9518 | J21: 154 | K21: 4 | L21: 8 | M21: 4.4 | N21: High | P21: poppys332 | Q21: https://www.tiktok.com/@poppys332 | R21: 33 | S21: 82 | T21: 2025-09-27 | U21: 149779.49 | V21: 10650 | W21: 37 | X21: 1211 | Y21: 2447 | Z21: 155 | AA21: 3 | AB21: 95 | AC21: 8.11 | AD21: 0.7 | AE21: 0.72 | AF21: 1 | AG21: 236 | AH21: 1324 | AI21: 7496303388086864432
A22: Beauty & Personal Care | B22: LACTOmedi | D22: Beauty & Personal Care | E22: UK local | F22: 23896.57 | G22: 1370 | H22: 1.3801 | I22: 0.7452 | J22: 800 | K22: 7 | L22: 8 | M22: 4.4 | N22: High | O22: No linked TikTok brand account found | T22: 2026-05-16 | U22: 38863.2 | V22: 3063 | W22: 8 | X22: 1075 | Y22: 2331 | Z22: 121 | AA22: 7.79 | AB22: 76.25 | AG22: 317 | AH22: 1925 | AI22: 7494644199581058663
A23: Beauty & Personal Care | B23: NOVO OVO Nails | C23: Novo Ovo Shenzhen Cosmetics Co.,Ltd. | D23: Beauty & Personal Care | E23: Cross-border | F23: 23872.6 | G23: 1704 | H23: -0.2842 | I23: -0.4081 | J23: 1240 | K23: 39 | L23: 93 | M23: 4.7 | N23: High | AI23: 7496099128061299639
A24: Beauty & Personal Care | B24: sofragrance | C24: INCOS LIMITED | D24: Beauty & Personal Care | E24: UK local | F24: 23770.07 | G24: 2677 | H24: 0.6142 | I24: 0.3972 | J24: 80 | K24: 39 | L24: 35 | M24: 3.7 | N24: High | AI24: 7495827636321422087
A25: Beauty & Personal Care | B25: gzolimy cosmetics | C25: Guangzhou Aolimei Cosmetics Co., Ltd. | D25: Beauty & Personal Care | E25: Cross-border | F25: 23760.35 | G25: 5877 | H25: -0.18 | I25: -0.1827 | J25: 411 | K25: 90 | L25: 91 | M25: 4.7 | N25: High | AI25: 7495975730098637639
A26: Beauty & Personal Care | B26: Weekeinght | D26: Kitchenware | E26: UK local | F26: 23677.11 | G26: 1604 | H26: -0.3777 | I26: -0.3859 | J26: 143 | K26: 16 | L26: 98 | M26: 3.6 | N26: Low – likely above £30K | O26: Also £23.1K in Automotive ranking → combined ≈ £46.8K | AI26: 7494686896434349919
A27: Beauty & Personal Care | B27: GAOYU STAR | C27: SHENZHEN GAOYU STAR TRADING CO LTD | D27: Beauty & Personal Care | E27: UK local | F27: 23591.27 | G27: 924 | H27: -0.3387 | I27: -0.464 | J27: 184 | K27: 6 | L27: 49 | M27: 4 | N27: Low – likely above £30K | O27: Also £22.6K in Home Improvement ranking → combined ≈ £46.2K | AI27: 7494991028040600241
A28: Beauty & Personal Care | B28: TONVVD | C28: Shenzhen Maiwode Technology Co., Ltd. | D28: Beauty & Personal Care | E28: Cross-border | F28: 23490.46 | G28: 4061 | H28: 0.2824 | I28: 0.1321 | J28: 480 | K28: 174 | L28: 351 | M28: 4.6 | N28: High | AI28: 7495161267940658045
A29: Beauty & Personal Care | B29: WALKTOTOP | C29: WALKTOTOP CREATIVE LTD | D29: Home Supplies | E29: UK local | F29: 22832.68 | G29: 1280 | H29: 0.4714 | I29: 0.3646 | J29: 81 | K29: 9 | L29: 49 | M29: 4 | N29: Medium – may sell in other categories | AI29: 7496120993122912978
A30: Beauty & Personal Care | B30: houseofamoruk | C30: houseofamoruk | D30: Beauty & Personal Care | E30: UK local | F30: 22693.36 | G30: 1206 | H30: -0.3809 | I30: -0.4647 | J30: 1082 | K30: 81 | L30: 240 | M30: 3.9 | N30: High | P30: houseofamoruk | Q30: https://www.tiktok.com/@houseofamoruk | R30: 149555 | S30: 5076 | T30: 2022-06-26 | U30: 806078.78 | V30: 62362 | W30: 556 | X30: 1530 | Y30: 3071 | Z30: 654 | AA30: 2.99 | AB30: 169.99 | AC30: 14.44 | AD30: 0.76 | AE30: 0.92 | AF30: 0.96 | AG30: 312 | AH30: 1876 | AI30: 7494557294615235116
A31: Beauty & Personal Care | B31: Excellent home appli | C31: Pingyang County Leixing Crafts Trading Firm | D31: Beauty & Personal Care | E31: Cross-border | F31: 21151.78 | G31: 904 | H31: 18.0385 | I31: 17.8333 | J31: 22 | K31: 5 | L31: 23 | M31: 3.7 | N31: High | AI31: 7495625978765674959
A32: Beauty & Personal Care | B32: Zoistar | D32: Fashion Accessories | E32: Cross-border | F32: 12454.15 | G32: 908 | H32: -0.2428 | I32: -0.0668 | J32: 19 | K32: 4 | L32: 119 | M32: 4.2 | N32: Medium – may sell in other categories | AI32: 7494619105434174471
A33: Collectibles | B33: ACE HITS TCG LTD | D33: Collectibles | E33: UK local | F33: 28832.46 | G33: 1860 | H33: -0.277 | I33: -0.3643 | J33: 1379 | K33: 52 | L33: 67 | M33: 4.6 | N33: High | P33: acehitstcg | Q33: https://www.tiktok.com/@acehitstcg | R33: 9091 | S33: 307 | T33: 2025-10-10 | U33: 560773.91 | V33: 39376 | W33: 264 | X33: 2 | Y33: 30 | Z33: 453 | AA33: 0.99 | AB33: 482.09 | AC33: 12.27 | AD33: 0.86 | AE33: 1 | AF33: 0.75 | AG33: 42 | AH33: 1676 | AI33: 7494185371692270821
A34: Collectibles | B34: Spens Pokestop | C34: TOP G'S LIMITED | D34: Collectibles | E34: UK local | F34: 27136.58 | G34: 2745 | H34: -0.3119 | I34: -0.3517 | J34: 108 | K34: 15 | L34: 15 | M34: 4.9 | N34: High | AI34: 7494751408113355675
A35: Collectibles | B35: BMJBREAKS | D35: Collectibles | E35: UK local | F35: 26674.99 | G35: 269 | H35: 72.9349 | I35: 9.3462 | J35: 94 | K35: 20 | L35: 4 | M35: 4.3 | N35: High | AI35: 7494638880325141702
A36: Collectibles | B36: TCHewy Collectables | C36: TCHewy Collectables | D36: Collectibles | E36: UK local | F36: 25711.72 | G36: 462 | H36: -0.0363 | I36: -0.352 | J36: 239 | K36: 12 | L36: 21 | M36: 4.6 | N36: High | AI36: 7494665262943013477
A37: Collectibles | B37: SportsMemorabilia.co.uk | D37: Collectibles | E37: UK local | F37: 25181.99 | G37: 347 | H37: -0.3614 | I37: -0.0467 | J37: 126 | K37: 19 | L37: 13 | M37: 4.8 | N37: High | AI37: 7496312090293537514
A38: Collectibles | B38: Wiggyscollectables | C38: Wiggyscollectables | D38: Collectibles | E38: UK local | F38: 24750.47 | G38: 1441 | H38: -0.3806 | I38: -0.3184 | J38: 1987 | K38: 79 | L38: 146 | M38: 4.7 | N38: High | P38: wiggyscollectables | Q38: https://www.tiktok.com/@wiggyscollectables | R38: 34625 | S38: 291 | T38: 2023-07-20 | U38: 2625518.8 | V38: 187799 | W38: 550 | X38: 1 | Y38: 93 | Z38: 523 | AA38: 1 | AB38: 1369.99 | AC38: 25.41 | AD38: 0.92 | AE38: 1 | AF38: 1 | AG38: 41 | AH38: 1658 | AI38: 7494801336240933390
A39: Collectibles | B39: PrestinePalaceTCG | C39: PrestinePalaceTCG | D39: Collectibles | E39: UK local | F39: 24071.35 | G39: 750 | H39: 0.7263 | I39: 0.4911 | J39: 32 | K39: 6 | L39: 20 | M39: 4.2 | N39: High | AI39: 7494666354480155165
A40: Collectibles | B40: Monster TCG | D40: Collectibles | E40: UK local | F40: 23801.37 | G40: 740 | H40: 8.9413 | I40: 5.0656 | J40: 259 | K40: 27 | L40: 46 | M40: 4.8 | N40: High | AI40: 7494764502796895239
A41: Collectibles | B41: West London collectible's | D41: Collectibles | E41: UK local | F41: 23257.54 | G41: 582 | H41: 0.25 | I41: -0.251 | J41: 313 | K41: 27 | L41: 31 | M41: 4.5 | N41: High | O41: No linked TikTok brand account found | T41: 2026-05-09 | U41: 138486.49 | V41: 5372 | W41: 105 | X41: 10 | Y41: 37 | Z41: 33 | AA41: 1 | AB41: 2000 | AG41: 43 | AH41: 1701 | AI41: 7494207440330851806
A42: Collectibles | B42: Dreamy Cards | D42: Collectibles | E42: Cross-border | F42: 23004.9 | G42: 510 | H42: 1.084 | I42: -0.0377 | J42: 295 | K42: 28 | L42: 61 | M42: 3.5 | N42: High | AI42: 7494398066551915778
A43: Computers & Office Equipment | B43: Rosexpress-Logistics | C43: Rosemond Stores LTD | D43: Computers & Office Equipment | E43: UK local | F43: 28259.55 | G43: 865 | H43: 0.73 | I43: 0.5699 | J43: 53 | K43: 1 | L43: 1 | M43: 4 | N43: High | P43: rosexpress_delivery_serv | Q43: https://www.tiktok.com/@rosexpress_delivery_serv | R43: 30647 | S43: 1867 | T43: 2025-08-19 | U43: 148156.41 | V43: 6533 | W43: 2 | X43: 140 | Y43: 327 | Z43: 100 | AA43: 11.99 | AB43: 29 | AC43: 21.36 | AD43: 0.83 | AE43: 0.92 | AF43: 0.86 | AG43: 16 | AH43: 1685 | AI43: 7495809559631857717
A44: Computers & Office Equipment | B44: Ugreen UK | D44: Phones & Electronics | E44: Cross-border | F44: 26603.8 | G44: 565 | H44: -0.3289 | I44: -0.1812 | J44: 155 | K44: 4 | L44: 36 | M44: 4.8 | N44: Medium – may sell in other categories | AI44: 7494489357146359709
A45: Computers & Office Equipment | B45: DK Bookking | C45: Pingyang County Daokang Electronic Commerce Business Firm | D45: Computers & Office Equipment | E45: Cross-border | F45: 26161.82 | G45: 11302 | H45: 1.2974 | I45: 1.4379 | J45: 243 | K45: 12 | L45: 31 | M45: 4.3 | N45: High | AI45: 7496136867047508965
A46: Computers & Office Equipment | B46: BumbleBrush | C46: Zhanggong District Art Painting Electronic Studio (Individual Industrial and Commercial) | D46: Computers & Office Equipment | E46: Cross-border | F46: 25422.88 | G46: 3066 | H46: -0.0592 | I46: -0.0886 | J46: 601 | K46: 36 | L46: 121 | M46: 4.8 | N46: High | AI46: 7495980972160354526
A47: Fashion Accessories | B47: KOKO Couture | C47: GOLDEN BIRD TRADING (UK) LIMITED | D47: Fashion Accessories | E47: UK local | F47: 19945.64 | G47: 1241 | H47: -0.2176 | I47: -0.252 | J47: 46 | K47: 31 | L47: 39 | M47: 4.4 | N47: High | AI47: 7494768467373426906
A48: Fashion Accessories | B48: Tewiky US | D48: Fashion Accessories | E48: UK local | F48: 19225.77 | G48: 955 | H48: 0 | I48: 0 | J48: 9 | K48: 12 | L48: 82 | M48: 4.1 | N48: High | AI48: 8650486405252094613
A49: Fashion Accessories | B49: Topshe classic wig | C49: Yiwu Lanmei Wig Co., Ltd. | D49: Fashion Accessories | E49: Cross-border | F49: 18936.96 | G49: 1067 | H49: -0.3001 | I49: -0.3335 | J49: 180 | K49: 126 | L49: 887 | M49: 4.6 | N49: High | AI49: 7495159457714243881
A50: Fashion Accessories | B50: BOZLUN Club | C50: FARIDEH INTERNATIONAL LTD | D50: Fashion Accessories | E50: UK local | F50: 18717.89 | G50: 787 | H50: 0.1075 | I50: 0.009 | J50: 167 | K50: 67 | L50: 187 | M50: 4 | N50: High | P50: bozlun_official | Q50: https://www.tiktok.com/@bozlun_official | R50: 1211 | S50: 56 | T50: 2025-09-25 | U50: 298650.36 | V50: 18476 | W50: 621 | X50: 725 | Y50: 2981 | Z50: 307 | AA50: 1 | AB50: 1142 | AC50: 15.57 | AD50: 0.86 | AE50: 0.78 | AF50: 0.98 | AG50: 84 | AH50: 2302 | AI50: 7496313128042793836
A51: Fashion Accessories | B51: Blinghair Factory Store | C51: MYLOCKME FASHION COMPANY LTD | D51: Fashion Accessories | E51: UK local | F51: 18563.87 | G51: 536 | H51: -0.2932 | I51: -0.3596 | J51: 185 | K51: 16 | L51: 108 | M51: 4.6 | N51: High | P51: blinghairfactorystore_ | Q51: https://www.tiktok.com/@blinghairfactorystore_ | R51: 3245 | S51: 1158 | T51: 2025-03-09 | U51: 1478602.8 | V51: 82792 | W51: 328 | X51: 687 | Y51: 3847 | Z51: 949 | AA51: 1 | AB51: 586.8 | AC51: 19.17 | AD51: 0.65 | AE51: 0.84 | AF51: 1 | AG51: 64 | AH51: 1758 | AI51: 7496103548228831479
A52: Fashion Accessories | B52: Missbuy Human Wig | D52: Fashion Accessories | E52: UK local | F52: 17787.03 | G52: 333 | H52: -0.3644 | I52: -0.4478 | J52: 36 | K52: 8 | L52: 16 | M52: 4.5 | N52: High | AI52: 7494226647323084130
A53: Fashion Accessories | B53: YourBeautyAccs | C53: Yiwu Kuping Electronic Commerce Business Firm (Individual Industrial and Commercial) | D53: Fashion Accessories | E53: Cross-border | F53: 17581.6 | G53: 4659 | H53: 0.0763 | I53: 0.0733 | J53: 781 | K53: 221 | L53: 355 | M53: 4.9 | N53: High | AI53: 7496097593052203571
A54: Fashion Accessories | B54: Johnsinokeylikelyoakley | D54: Fashion Accessories | E54: UK local | F54: 17565.28 | G54: 530 | H54: 0 | I54: 0 | J54: 0 | K54: 1 | L54: 23 | M54: 4.4 | N54: High | AI54: 7494837846595240988
A55: Fashion Accessories | B55: Daily Brit | D55: Fashion Accessories | E55: UK local | F55: 17544.49 | G55: 705 | H55: 1.2846 | I55: 1.8893 | J55: 160 | K55: 24 | L55: 56 | M55: 3.4 | N55: High | O55: No linked TikTok brand account found | T55: 2026-07-17 | U55: 26247.09 | V55: 1199 | W55: 57 | X55: 77 | Y55: 95 | Z55: 143 | AA55: 7.99 | AB55: 43.49 | AG55: 86 | AH55: 2345 | AI55: 7494706580613399846
A56: Fashion Accessories | B56: Luxe Trinket Studio | D56: Fashion Accessories | E56: UK local | F56: 17429.34 | G56: 1014 | H56: 0 | I56: 0 | J56: 18 | K56: 24 | L56: 43 | M56: 4 | N56: High | AI56: 7494842864727787486
A57: Food & Beverages | B57: Serious Pig UK | C57: SERIOUS PIG LTD | D57: Food & Beverages | E57: UK local | F57: 19690.8 | G57: 987 | H57: 0.9527 | I57: 0.1358 | J57: 267 | K57: 27 | L57: 30 | M57: 4.4 | N57: High | AI57: 7495583415237118286
A58: Food & Beverages | B58: RM Wholesale | C58: RM Foods Wholesale Ltd | D58: Food & Beverages | E58: UK local | F58: 18618.2 | G58: 1053 | H58: -0.0853 | I58: -0.0565 | J58: 123 | K58: 170 | L58: 571 | M58: 4.2 | N58: High | AI58: 7495588458058582521
A59: Food & Beverages | B59: Joyofsweets.com | C59: Joyofsweets.com | D59: Food & Beverages | E59: UK local | F59: 18609.88 | G59: 1764 | H59: 0.5455 | I59: 0.1179 | J59: 38 | K59: 31 | L59: 99 | M59: 3.4 | N59: High | AI59: 7494083667368576490
A60: Food & Beverages | B60: Taste Flavor Co UK | D60: Food & Beverages | E60: UK local | F60: 18428.9 | G60: 646 | H60: -0.347 | I60: -0.3448 | J60: 469 | K60: 6 | L60: 6 | M60: 4.6 | N60: High | P60: taste_flavorco_uk | Q60: https://www.tiktok.com/@taste_flavorco_uk | R60: 1117 | S60: 82 | T60: 2026-02-02 | U60: 99720.45 | V60: 4191 | W60: 6 | X60: 1026 | Y60: 1948 | Z60: 121 | AA60: 9.49 | AB60: 64.94 | AG60: 94 | AH60: 2395 | AI60: 7496320596825901708
A61: Food & Beverages | B61: Pak Watan dried fruits | C61: Pak Watan dried fruits | D61: Food & Beverages | E61: UK local | F61: 18357.25 | G61: 2361 | H61: 0.0944 | I61: -0.1522 | J61: 2513 | K61: 95 | L61: 87 | M61: 4.3 | N61: High | P61: pakwatandriedfruits | Q61: https://www.tiktok.com/@pakwatandriedfruits | R61: 71198 | S61: 711 | T61: 2023-05-29 | U61: 553917.88 | V61: 123469 | W61: 162 | X61: 708 | Y61: 2801 | Z61: 1401 | AA61: 1 | AB61: 129.99 | AC61: 6.2 | AD61: 0.87 | AE61: 0.9 | AF61: 0.98 | AG61: 95 | AH61: 2398 | AI61: 7494978223821981823
A62: Food & Beverages | B62: Candy N Choc | C62: RUDE CHOCOLATES LTD | D62: Food & Beverages | E62: UK local | F62: 18035.73 | G62: 1375 | H62: 0.8729 | I62: 0.3903 | J62: 75 | K62: 98 | L62: 139 | M62: 4.3 | N62: High | AI62: 7494813448692861196
A63: Food & Beverages | B63: Wholesale Motion | C63: Wholesale Motion Limited | D63: Food & Beverages | E63: UK local | F63: 17929.26 | G63: 6911 | H63: 0.0974 | I63: 0.1916 | J63: 54 | K63: 578 | L63: 890 | M63: 3.6 | N63: High | AI63: 7495641740536613431
A64: Food & Beverages | B64: TheSoftDrinksChannel | C64: REX BROWN LIMITED | D64: Food & Beverages | E64: UK local | F64: 17905.25 | G64: 575 | H64: 0.1574 | I64: 0.0628 | J64: 196 | K64: 9 | L64: 27 | M64: 4.5 | N64: High | AI64: 7494528588282825619
A65: Food & Beverages | B65: Bakhtar Market | C65: Texpo Group Ltd | D65: Food & Beverages | E65: UK local | F65: 17851.02 | G65: 817 | H65: 7.3345 | I65: 5.2846 | J65: 1872 | K65: 40 | L65: 110 | M65: 3.6 | N65: High | P65: bakhtar.market | Q65: https://www.tiktok.com/@bakhtar.market | R65: 16804 | S65: 206 | T65: 2025-03-29 | U65: 71261.34 | V65: 4038 | W65: 152 | X65: 19 | Y65: 92 | Z65: 179 | AA65: 1.4 | AB65: 99.99 | AC65: 19.62 | AD65: 0.78 | AE65: 0.79 | AF65: 0.97 | AG65: 92 | AH65: 2321 | AI65: 7495959303600572964
A66: Food & Beverages | B66: Topline Retail Solutions | D66: Food & Beverages | E66: UK local | F66: 17716.69 | G66: 657 | H66: 2.3478 | I66: 1.3548 | J66: 199 | K66: 14 | L66: 429 | M66: 4.4 | N66: High | AI66: 7496229702565071715
A67: Health | B67: Olympus Roots | D67: Health | E67: UK local | F67: 17051.44 | G67: 620 | H67: 1.6307 | I67: 1.3485 | J67: 53 | K67: 1 | L67: 1 | M67: 4.5 | N67: High | AI67: 7496009626476120090
A68: Health | B68: InsightSupps | C68: Insight Supps LTD | D68: Health | E68: UK local | F68: 16850.42 | G68: 266 | H68: 0.6323 | I68: -0.0466 | J68: 17 | K68: 18 | L68: 193 | M68: 4.4 | N68: High | AI68: 7496248852106610959
A69: Health | B69: The Mellow Company | C69: MELLOW MUM LIMITED | D69: Health | E69: UK local | F69: 16807.32 | G69: 618 | H69: -0.0123 | I69: -0.1953 | J69: 966 | K69: 31 | L69: 60 | M69: 4.6 | N69: High | P69: mellowpatchesuk | Q69: https://www.tiktok.com/@mellowpatchesuk | R69: 50392 | S69: 1329 | T69: 2023-08-02 | U69: 1629734.9 | V69: 137762 | W69: 164 | X69: 1934 | Y69: 3823 | Z69: 3675 | AA69: 1.99 | AB69: 186.66 | AC69: 15.52 | AD69: 0.76 | AE69: 0.92 | AF69: 0.98 | AG69: 98 | AH69: 1991 | AI69: 7494892887998564464
A70: Health | B70: Hello Fit | D70: Health | E70: UK local | F70: 16745.49 | G70: 1042 | H70: -0.0608 | I70: -0.1535 | J70: 29 | K70: 12 | L70: 19 | M70: 4.7 | N70: High | AI70: 7494535530331276857
A71: Health | B71: Roundway Supplements | C71: TG Nutrition Limited | D71: Health | E71: UK local | F71: 16530.99 | G71: 926 | H71: -0.2304 | I71: -0.2754 | J71: 816 | K71: 16 | L71: 17 | M71: 4.5 | N71: High | P71: roundway.supplements | Q71: https://www.tiktok.com/@roundway.supplements | R71: 4879 | S71: 379 | T71: 2025-08-04 | U71: 435916.78 | V71: 27584 | W71: 22 | X71: 1764 | Y71: 5429 | Z71: 776 | AA71: 9.99 | AB71: 24.99 | AC71: 13.38 | AD71: 0.96 | AE71: 0.87 | AF71: 0.8 | AG71: 117 | AH71: 2536 | AI71: 7496235599769733898
A72: Health | B72: Natural support UK | D72: Health | E72: UK local | F72: 15814.85 | G72: 526 | H72: 0.0111 | I72: -0.116 | J72: 49 | K72: 2 | L72: 7 | M72: 4.2 | N72: High | AI72: 7494241797132420844
A73: Health | B73: PURETREX | C73: PURETREX | D73: Health | E73: UK local | F73: 15768.68 | G73: 315 | H73: 0.3771 | I73: 0.25 | J73: 99 | K73: 14 | L73: 74 | M73: 4.3 | N73: High | AI73: 7495755642714885070
A74: Health | B74: Rheal | C74: RHEAL SUPERFOODS LTD | D74: Health | E74: UK local | F74: 15164.67 | G74: 509 | H74: -0.0766 | I74: -0.2169 | J74: 432 | K74: 21 | L74: 20 | M74: 4.4 | N74: High | P74: rhealsuperfoods | Q74: https://www.tiktok.com/@rhealsuperfoods | R74: 79782 | S74: 1766 | T74: 2023-12-01 | U74: 2101930.7 | V74: 120745 | W74: 60 | X74: 9263 | Y74: 18803 | Z74: 2724 | AA74: 1.99 | AB74: 97.5 | AC74: 13.34 | AD74: 0.83 | AE74: 0.87 | AF74: 0.89 | AG74: 103 | AH74: 2111 | AI74: 7495330333042903482
A75: Health | B75: WellnessWizards | C75: SHAKIR ENTERPRISES LTD | D75: Health | E75: UK local | F75: 15041.63 | G75: 868 | H75: 0.2262 | I75: 0.2191 | J75: 245 | K75: 4 | L75: 4 | M75: 4.4 | N75: High | AI75: 7495780130678737680
A76: Health | B76: Phizz UK | D76: Health | E76: UK local | F76: 15021.48 | G76: 551 | H76: 0.9921 | I76: 0.5925 | J76: 58 | K76: 4 | L76: 4 | M76: 4.5 | N76: High | AI76: 7494834122040970227
A77: Home Improvement | B77: AlloyNook | D77: Home Improvement | E77: Cross-border | F77: 22873.28 | G77: 2125 | H77: 28.2564 | I77: 26.9605 | J77: 23 | K77: 3 | L77: 37 | M77: 4.8 | N77: High | AI77: 7494580785752802434
A78: Home Improvement | B78: Atmosphere lamp | C78: Shenzhen Delishun Technology Co., Ltd. | D78: Home Improvement | E78: Cross-border | F78: 22506.52 | G78: 2155 | H78: 0.9455 | I78: 0.4122 | J78: 471 | K78: 41 | L78: 140 | M78: 4.2 | N78: High | AI78: 7495310762287663602
A79: Home Improvement | B79: KOKOMA.UK | C79: KOKOMA LIMITED | D79: Home Improvement | E79: UK local | F79: 22335.48 | G79: 735 | H79: 0.3727 | I79: 0.1256 | J79: 24 | K79: 17 | L79: 90 | M79: 4.2 | N79: High | P79: kokomauk5 | Q79: https://www.tiktok.com/@kokomauk5 | R79: 3017 | S79: 407 | T79: 2025-06-16 | U79: 672217.86 | V79: 34450 | W79: 135 | X79: 1080 | Y79: 2336 | Z79: 687 | AA79: 4.29 | AB79: 233.47 | AC79: 27.73 | AD79: 0.55 | AE79: 0.9 | AF79: 0.97 | AG79: 15 | AH79: 763 | AI79: 7496186035787565066
A80: Home Improvement | B80: Chocbyclo | C80: Chocbyclo | D80: Home Improvement | E80: UK local | F80: 21290.63 | G80: 744 | H80: -0.1472 | I80: -0.3722 | J80: 132 | K80: 2 | L80: 11 | M80: 4.8 | N80: High | P80: jghjgmxq | Q80: https://www.tiktok.com/@jghjgmxq | R80: 48 | S80: 151 | T80: 2025-07-10 | U80: 72018.85 | V80: 4656 | W80: 34 | X80: 242 | Y80: 1052 | Z80: 46 | AA80: 6.22 | AB80: 58.99 | AC80: 8.1 | AD80: 0.85 | AE80: 0.87 | AF80: 1 | AG80: 49 | AH80: 1852 | AI80: 7496240027764230647
A81: Home Improvement | B81: Dazzling Home | C81: Dongguan Ansui Optoelectronics Technology Co., Ltd | D81: Home Improvement | E81: Cross-border | F81: 21100.15 | G81: 1300 | H81: 0.0621 | I81: 0.1454 | J81: 93 | K81: 10 | L81: 21 | M81: 3.8 | N81: High | AI81: 7495172323409365878
A82: Home Improvement | B82: Crystal Lights | D82: Home Improvement | E82: Cross-border | F82: 21090.22 | G82: 477 | H82: -0.4536 | I82: -0.4308 | J82: 170 | K82: 11 | L82: 29 | M82: 3.6 | N82: High | AI82: 7494374220723226035
A83: Home Improvement | B83: TH CLICKMART | D83: Home Improvement | E83: UK local | F83: 20954.02 | G83: 1269 | H83: -0.1051 | I83: -0.2535 | J83: 57 | K83: 9 | L83: 99 | M83: 4 | N83: High | P83: thclickmart | Q83: https://www.tiktok.com/@thclickmart | R83: 5136 | S83: 272 | T83: 2025-11-27 | U83: 99446.13 | V83: 8578 | W83: 106 | X83: 156 | Y83: 363 | Z83: 29 | AA83: 6.9 | AB83: 269.34 | AC83: 13.34 | AG83: 59 | AH83: 2129 | AI83: 7494249894191990781
A84: Home Improvement | B84: Nuptiostore | C84: fuzhouxianhouxinxijishuyouxiangongsi | D84: Home Supplies | E84: Cross-border | F84: 20932.85 | G84: 740 | H84: 1.1612 | I84: 0.7746 | J84: 182 | K84: 4 | L84: 30 | M84: 4.5 | N84: Medium – may sell in other categories | AI84: 7496099140991879404
A85: Home Supplies | B85: Neat Living Essentials | C85: EAGER GOODS LTD | D85: Home Improvement | E85: UK local | F85: 21000.42 | G85: 1834 | H85: 0.1932 | I85: -0.1731 | J85: 274 | K85: 50 | L85: 398 | M85: 3.6 | N85: Medium – may sell in other categories | AI85: 7496151373717277526
A86: Home Supplies | B86: BREEZE AT HOME LIMITED | C86: BREEZE AT HOME LIMITED | D86: Sports & Outdoor | E86: UK local | F86: 20895.05 | G86: 1521 | H86: 0.3186 | I86: 0.2643 | J86: 185 | K86: 62 | L86: 714 | M86: 4.7 | N86: Medium – may sell in other categories | AI86: 7496212154105039253
A87: Home Supplies | B87: Phoenix UK | C87: ALTA & CO TRADING LIMITED | D87: Home Supplies | E87: UK local | F87: 20853.61 | G87: 713 | H87: 1.3011 | I87: 0.8329 | J87: 61 | K87: 48 | L87: 97 | M87: 4.4 | N87: High | AI87: 7494849083445840856
A88: Home Supplies | B88: Dock & Bay | C88: DOCK & BAY LTD | D88: Home Supplies | E88: UK local | F88: 20520.64 | G88: 651 | H88: -0.4774 | I88: -0.558 | J88: 188 | K88: 15 | L88: 193 | M88: 4 | N88: High | P88: dockandbay | Q88: https://www.tiktok.com/@dockandbay | R88: 14558 | S88: 828 | T88: 2024-03-22 | U88: 470480.93 | V88: 19897 | W88: 337 | X88: 664 | Y88: 3374 | Z88: 504 | AA88: 8.4 | AB88: 166.55 | AC88: 28.31 | AD88: 0.63 | AE88: 0.93 | AF88: 1 | AG88: 146 | AH88: 1950 | AI88: 7495211149111364436
A89: Home Supplies | B89: Bulkuno | D89: Home Supplies | E89: Cross-border | F89: 20339.46 | G89: 1587 | H89: -0.5983 | I89: -0.5629 | J89: 178 | K89: 69 | L89: 426 | M89: 4.4 | N89: High | AI89: 7494416141233521980
A90: Home Supplies | B90: CASA AND PLANTS LIMITED | C90: CASA AND PLANTS LIMITED | D90: Home Supplies | E90: UK local | F90: 20286.78 | G90: 1142 | H90: 0.1983 | I90: 0.0876 | J90: 153 | K90: 26 | L90: 483 | M90: 4.1 | N90: High | AI90: 7496260518464490323
A91: Home Supplies | B91: Sky Reverie | C91: INPORTSOUL LTD | D91: Home Supplies | E91: UK local | F91: 20211.43 | G91: 1081 | H91: 1.764 | I91: 0.9304 | J91: 231 | K91: 31 | L91: 355 | M91: 3.9 | N91: High | P91: violetpap12 | Q91: https://www.tiktok.com/@violetpap12 | R91: 2807 | S91: 122 | T91: 2025-04-07 | U91: 1773689.3 | V91: 136451 | W91: 1448 | X91: 2877 | Y91: 7379 | Z91: 2318 | AA91: 1.99 | AB91: 883 | AC91: 13.46 | AD91: 0.86 | AE91: 0.81 | AF91: 0.98 | AG91: 202 | AH91: 1117 | AI91: 7496126355154832285
A92: Home Supplies | B92: The Gift House UK | C92: The Gift House UK | D92: Home Supplies | E92: UK local | F92: 20097.28 | G92: 2748 | H92: 1.4862 | I92: 1.7127 | J92: 198 | K92: 11 | L92: 30 | M92: 1.9 | N92: High | P92: thegifthouseuk | Q92: https://www.tiktok.com/@thegifthouseuk | R92: 4751 | S92: 0 | T92: 2024-01-15 | U92: 2780264.5 | V92: 335926 | W92: 588 | X92: 4861 | Y92: 6080 | Z92: 2615 | AA92: 0.45 | AB92: 169.99 | AC92: 6.17 | AD92: 0.61 | AE92: 0.75 | AF92: 0.89 | AG92: 118 | AH92: 1625 | AI92: 7495342211693119559
A93: Home Supplies | B93: Soil Heart LTD | C93: SOILHEART LTD | D93: Household Appliances | E93: UK local | F93: 19991.99 | G93: 1716 | H93: 2.5955 | I93: 2.3385 | J93: 133 | K93: 36 | L93: 322 | M93: 4.4 | N93: Medium – may sell in other categories | AI93: 7496021801734014992
A94: Home Supplies | B94: DetailCraft Hub | C94: Shapingba District weihang E-commerce Business Department (Individual Business Household) | D94: Home Supplies | E94: Cross-border | F94: 19736.15 | G94: 7682 | H94: 0.056 | I94: -0.0018 | J94: 460 | K94: 38 | L94: 43 | M94: 5 | N94: High | AI94: 7496219487908563446
A95: Home Supplies | B95: Antimbee Direct | D95: Home Supplies | E95: Cross-border | F95: 13416.19 | G95: 420 | H95: 0.5941 | I95: 0.4483 | J95: 172 | K95: 10 | L95: 16 | M95: 3.9 | N95: High | AI95: 7494467442478515809
A96: Household Appliances | B96: Necizon | C96: ALNOUMAN LTD | D96: Beauty & Personal Care | E96: UK local | F96: 13233.3 | G96: 880 | H96: -0.1055 | I96: -0.2233 | J96: 121 | K96: 6 | L96: 10 | M96: 4.2 | N96: Medium – may sell in other categories | AI96: 7496025841483024447
A97: Household Appliances | B97: Aoemiyinguking | D97: Beauty & Personal Care | E97: UK local | F97: 13008.48 | G97: 717 | H97: -0.4566 | I97: -0.5782 | J97: 47 | K97: 17 | L97: 302 | M97: 3.1 | N97: Medium – may sell in other categories | AI97: 7494680611966846717
A98: Household Appliances | B98: NOYWER | C98: NOYWER | D98: Household Appliances | E98: UK local | F98: 12979.81 | G98: 477 | H98: -0.4915 | I98: -0.4622 | J98: 77 | K98: 9 | L98: 9 | M98: 4.3 | N98: High | P98: iwealmt05 | Q98: https://www.tiktok.com/@iwealmt05 | R98: 619 | S98: 197 | T98: 2025-03-25 | U98: 291452.76 | V98: 18041 | W98: 103 | X98: 469 | Y98: 1136 | Z98: 865 | AA98: 0.69 | AB98: 75.88 | AC98: 13.18 | AD98: 0.61 | AE98: 0.84 | AF98: 1 | AG98: 96 | AH98: 3017 | AI98: 7496105918049520087
A99: Household Appliances | B99: Partyhouse979 | D99: Household Appliances | E99: UK local | F99: 12978.01 | G99: 475 | H99: 0.4803 | I99: 1.0386 | J99: 90 | K99: 7 | L99: 36 | M99: 4.5 | N99: High | P99: 8.eight84 | Q99: https://www.tiktok.com/@8.eight84 | R99: 21376 | S99: 216 | T99: 2025-11-29 | U99: 70412.25 | V99: 4214 | W99: 175 | X99: 167 | Y99: 1000 | Z99: 21 | AA99: 0.98 | AB99: 146.98 | AC99: 17.72 | AG99: 40 | AH99: 2831 | AI99: 7494259526260196416
A100: Household Appliances | B100: Silentnight | D100: Textiles & Soft Furnishings | E100: UK local | F100: 12744.27 | G100: 227 | H100: 0 | I100: 0 | J100: 50 | K100: 3 | L100: 29 | M100: 4.2 | N100: Medium – may sell in other categories | AI100: 7494642494021994303
...

Sheet Category Summary
A1: Category | B1: Leads found | C1: High confidence | D1: With TikTok profile data | E1: Avg Sep GMV in category (£) | F1: Rows searched (ranking page)
A2: Automotive & Motorcycle | B2: =COUNTIF('UK Leads'!$A$2:$A$203,A2) -> 8 | C2: =COUNTIFS('UK Leads'!$A$2:$A$203,A2,'UK Leads'!$N$2:$N$203,"High") -> 5 | D2: =COUNTIFS('UK Leads'!$A$2:$A$203,A2,'UK Leads'!$P$2:$P$203,"<>") -> 2 | E2: =AVERAGEIF('UK Leads'!$A$2:$A$203,A2,'UK Leads'!$F$2:$F$203) -> 19663.752 | F2: p4
A3: Baby & Maternity | B3: =COUNTIF('UK Leads'!$A$2:$A$203,A3) -> 10 | C3: =COUNTIFS('UK Leads'!$A$2:$A$203,A3,'UK Leads'!$N$2:$N$203,"High") -> 8 | D3: =COUNTIFS('UK Leads'!$A$2:$A$203,A3,'UK Leads'!$P$2:$P$203,"<>") -> 3 | E3: =AVERAGEIF('UK Leads'!$A$2:$A$203,A3,'UK Leads'!$F$2:$F$203) -> 20044.909 | F3: p4
A4: Beauty & Personal Care | B4: =COUNTIF('UK Leads'!$A$2:$A$203,A4) -> 13 | C4: =COUNTIFS('UK Leads'!$A$2:$A$203,A4,'UK Leads'!$N$2:$N$203,"High") -> 8 | D4: =COUNTIFS('UK Leads'!$A$2:$A$203,A4,'UK Leads'!$P$2:$P$203,"<>") -> 3 | E4: =AVERAGEIF('UK Leads'!$A$2:$A$203,A4,'UK Leads'!$F$2:$F$203) -> 22722.638 | F4: p30 (+p50 units-sorted)
A5: Collectibles | B5: =COUNTIF('UK Leads'!$A$2:$A$203,A5) -> 10 | C5: =COUNTIFS('UK Leads'!$A$2:$A$203,A5,'UK Leads'!$N$2:$N$203,"High") -> 10 | D5: =COUNTIFS('UK Leads'!$A$2:$A$203,A5,'UK Leads'!$P$2:$P$203,"<>") -> 2 | E5: =AVERAGEIF('UK Leads'!$A$2:$A$203,A5,'UK Leads'!$F$2:$F$203) -> 25242.337 | F5: p5
A6: Computers & Office Equipment | B6: =COUNTIF('UK Leads'!$A$2:$A$203,A6) -> 4 | C6: =COUNTIFS('UK Leads'!$A$2:$A$203,A6,'UK Leads'!$N$2:$N$203,"High") -> 3 | D6: =COUNTIFS('UK Leads'!$A$2:$A$203,A6,'UK Leads'!$P$2:$P$203,"<>") -> 1 | E6: =AVERAGEIF('UK Leads'!$A$2:$A$203,A6,'UK Leads'!$F$2:$F$203) -> 26612.013 | F6: p2
A7: Fashion Accessories | B7: =COUNTIF('UK Leads'!$A$2:$A$203,A7) -> 10 | C7: =COUNTIFS('UK Leads'!$A$2:$A$203,A7,'UK Leads'!$N$2:$N$203,"High") -> 10 | D7: =COUNTIFS('UK Leads'!$A$2:$A$203,A7,'UK Leads'!$P$2:$P$203,"<>") -> 2 | E7: =AVERAGEIF('UK Leads'!$A$2:$A$203,A7,'UK Leads'!$F$2:$F$203) -> 18329.787 | F7: p8
A8: Food & Beverages | B8: =COUNTIF('UK Leads'!$A$2:$A$203,A8) -> 10 | C8: =COUNTIFS('UK Leads'!$A$2:$A$203,A8,'UK Leads'!$N$2:$N$203,"High") -> 10 | D8: =COUNTIFS('UK Leads'!$A$2:$A$203,A8,'UK Leads'!$P$2:$P$203,"<>") -> 3 | E8: =AVERAGEIF('UK Leads'!$A$2:$A$203,A8,'UK Leads'!$F$2:$F$203) -> 18314.298 | F8: p10
A9: Health | B9: =COUNTIF('UK Leads'!$A$2:$A$203,A9) -> 10 | C9: =COUNTIFS('UK Leads'!$A$2:$A$203,A9,'UK Leads'!$N$2:$N$203,"High") -> 10 | D9: =COUNTIFS('UK Leads'!$A$2:$A$203,A9,'UK Leads'!$P$2:$P$203,"<>") -> 3 | E9: =AVERAGEIF('UK Leads'!$A$2:$A$203,A9,'UK Leads'!$F$2:$F$203) -> 16079.697 | F9: p12
A10: Home Improvement | B10: =COUNTIF('UK Leads'!$A$2:$A$203,A10) -> 8 | C10: =COUNTIFS('UK Leads'!$A$2:$A$203,A10,'UK Leads'!$N$2:$N$203,"High") -> 7 | D10: =COUNTIFS('UK Leads'!$A$2:$A$203,A10,'UK Leads'!$P$2:$P$203,"<>") -> 3 | E10: =AVERAGEIF('UK Leads'!$A$2:$A$203,A10,'UK Leads'!$F$2:$F$203) -> 21635.394 | F10: p6
A11: Home Supplies | B11: =COUNTIF('UK Leads'!$A$2:$A$203,A11) -> 11 | C11: =COUNTIFS('UK Leads'!$A$2:$A$203,A11,'UK Leads'!$N$2:$N$203,"High") -> 8 | D11: =COUNTIFS('UK Leads'!$A$2:$A$203,A11,'UK Leads'!$P$2:$P$203,"<>") -> 3 | E11: =AVERAGEIF('UK Leads'!$A$2:$A$203,A11,'UK Leads'!$F$2:$F$203) -> 19759 | F11: p15 (+p50 units-sorted)
A12: Household Appliances | B12: =COUNTIF('UK Leads'!$A$2:$A$203,A12) -> 9 | C12: =COUNTIFS('UK Leads'!$A$2:$A$203,A12,'UK Leads'!$N$2:$N$203,"High") -> 5 | D12: =COUNTIFS('UK Leads'!$A$2:$A$203,A12,'UK Leads'!$P$2:$P$203,"<>") -> 2 | E12: =AVERAGEIF('UK Leads'!$A$2:$A$203,A12,'UK Leads'!$F$2:$F$203) -> 12408.89 | F12: p12
A13: Kids' Fashion | B13: =COUNTIF('UK Leads'!$A$2:$A$203,A13) -> 10 | C13: =COUNTIFS('UK Leads'!$A$2:$A$203,A13,'UK Leads'!$N$2:$N$203,"High") -> 7 | D13: =COUNTIFS('UK Leads'!$A$2:$A$203,A13,'UK Leads'!$P$2:$P$203,"<>") -> 2 | E13: =AVERAGEIF('UK Leads'!$A$2:$A$203,A13,'UK Leads'!$F$2:$F$203) -> 15190.315 | F13: p3
... A23: Womenswear & Underwear | B23: =COUNTIF('UK Leads'!$A$2:$A$203,A23) -> 8 | C23: =COUNTIFS('UK Leads'!$A$2:$A$203,A23,'UK Leads'!$N$2:$N$203,"High") -> 8 | D23: =COUNTIFS('UK Leads'!$A$2:$A$203,A23,'UK Leads'!$P$2:$P$203,"<>") -> 1 | E23: =AVERAGEIF('UK Leads'!$A$2:$A$203,A23,'UK Leads'!$F$2:$F$203) -> 15809.698 | F23: p50 units-sorted (p25 was above band)
A24: Total | B24: =SUM(B2:B23) -> 202 | C24: =SUM(C2:C23) -> 163 | D24: =SUM(D2:D23) -> 44
A25: Shoes | B25: 0 | C25: 0 | D25: 0 | F25: Checked one page – still above £30K; band is deeper (not reached on trial credits)
A26: Luggage & Bags | B26: 0 | C26: 0 | D26: 0 | F26: Checked one page – still above £30K; band is deeper (not reached on trial credits)
A27: Furniture | B27: 0 | C27: 0 | D27: 0 | F27: Checked one page – still above £30K; band is deeper (not reached on trial credits)
